n, altura, log2n, teste
1,7,3.32193,1
2,13,6.64386,1
3,22,9.96578,1
4,30,13.2877,1
5,41,16.6096,1
6,52,19.9316,1
1,6,3.32193,2
2,14,6.64386,2
3,21,9.96578,2
4,30,13.2877,2
5,44,16.6096,2
6,55,19.9316,2
1,7,3.32193,3
2,13,6.64386,3
3,23,9.96578,3
4,31,13.2877,3
5,40,16.6096,3
6,54,19.9316,3
1,7,3.32193,4
2,16,6.64386,4
3,21,9.96578,4
4,31,13.2877,4
5,41,16.6096,4
